Station,Years_active
Groblersdal,11
Ratanda,9
Morebeng,11
Bloemhof,11
Fort Brown,11
Doringkloof,11
Berlin,11
Middledrift,11
Umzimkhulu,11
Batho,11
Kensington,11
Blinkpan,11
Belfast,11
Mbizana,11
Port Edward,11
Durban North,11
Mount Fletcher,11
Boithuso,11
Brighton Beach,11
Gravelotte,11
Kleinmond,11
Brandvlei,11
Bethanie,11
Hilton-Kzn,11
Kabokweni,11
Loate,11
Pofadder,11
Jamestown,11
Roodepoort,11
Touws River,11
Bethelsdorp,11
Melmoth,11
Wonderboompoort,11
Matsulu,11
Lamontville,11
Fort Beaufort,11
Mahamba,11
Dududu,11
Chungwa,11
Mid Illovo,11
Bonnievale,11
Verena,11
Steve Vukile Tshwete,11
Thomas River,11
Kagiso,11
Southport,11
Queenstown,11
Kwandengane,3
Babanango,11
Storms River,11
Mogwase,11
Impendle,11
Pacaltsdorp,11
Embalenhle,11
Actonville,11
Magudu,11
Orlando,11
Wanda,11
Hillbrow,11
Cathcart,11
Colenso,11
Jansenville,11
Lulekani,11
Harrismith,11
Vaalbank,11
Williston,11
Bhisho,11
Napier,11
Greenwood Park,11
Melkbosstrand,11
Vorstershoop,11
Mokopong,11
Bray,11
Coligny,11
Thaba-Nchu,11
Setlagole,11
Dube,11
Masisi,11
Orange Farms,11
Bayview,11
Montagu,11
Caledon,11
Ngodwana,11
Pienaar,5
Mhala,11
Kinross,11
Namakgale,11
Sandringham,11
Saldanha,11
Bridge Camp,11
Nieuwoudtville,11
Msinga,11
Arlington,11
Lingelethu-West,11
Saron,11
Buffelshoek,11
Komatipoort,11
Vrede,11
Lansdowne,11
Vioolsdrif,11
Sundra,11
Dalasile,11
Cato Manor,11
Glen Grey,11
George,11
'King William''S Town',11
Dingleton,11
Dalton,11
Nababeep,11
Edenburg,11
Waterpoort,11
Evatt,11
Hattingspruit,11
Groblershoop,11
Pretoria West,11
Gilead,11
Camperdown,11
Kwamashu E,6
Marikana,11
Calitzdorp,11
Boshoek,11
Empangeni,11
Tubatse,11
Maclear,11
Kwa Thema,11
Rust De Winter,11
Hanover,11
Putfontein,11
Temba,11
Wedela,11
Ipelegeng,11
Charl Cilliers,11
Aliwal North,11
Wembezi,11
Schoemansdal,11
Still Bay,11
Namahadi,11
Badplaas,11
Bityi,11
Kuilsrivier,11
Meadowlands,11
Kingsley,11
Hammarsdale,11
Lady Grey,11
Nuwerus,11
Burgersfort,11
Maletswai,11
Dwaalboom,11
Upington,11
Keimoes,11
Dawn Park,11
Seven Fountains,11
Moroka,11
Beacon Bay,11
Fernie,11
Ulundi,11
Klapmuts,11
Riebeek West,11
Kwanobuhle,11
Witrivier,11
Madikwe,11
Cookhouse,11
Seafield,11
Modimolle,11
Nhlanhleni,11
Joubertina,11
Emzinoni,11
Mokopane,11
Cyferskuil,11
Orkney,11
Marquard,11
Rietvlei,11
Amersfoort,11
Atlantis,11
Malvern,11
Witbank,11
Witdraai,11
Mamelodi East,10
Madibogo,11
Fauresmith,11
Delmas,11
Butterworth,11
Gowan Lea,11
Kempton Park,11
Ivory Park,11
Muldersdrift,11
Malmesbury,11
Ndwedwe,11
Hillcrest,11
Waterval Boven,11
Saamboubrug,11
Sunrise,11
Hopetown,11
Plessislaer,11
Ashton,11
Citrusdal,11
Brackenfell,11
Cloetesville,11
Jabulani,11
Fish Hoek,11
Malipsdrift,11
Thina Falls,11
Cape Town Central,11
Ottoshoop,11
Mowbray,11
Weenen,11
Haenertsburg,11
Motherwell,11
Scottburgh,11
Beaufort West,11
Postmasburg,11
Vanderbijlpark,11
Rietfontein,11
Moffatview,4
Ematsheni,11
Bishopstowe,11
Severn,11
Fochville,11
Germiston,11
Mooiplaas,11
Mandeni,11
Richmond-Kzn,11
Laersdrift,11
Peddie,11
Dunnottar,11
Wasbank,11
Kwadabeka,11
Port St Johns,11
Mahlabathini,11
Diepkloof,11
Harburg,11
Amangwe,11
Douglas,11
Seymour,11
Apel,11
Saselamani,11
Tshaulu,11
Lephalale,11
Onseepkans,11
Folweni,11
Hendrina,11
Mpophomeni,11
Camps Bay,11
Fairland,11
Sannieshof,11
Kwaggafontein,11
Roadside,11
Harding,11
Ingogo,11
Lwandle,8
Paterson,11
Maluti,11
Cala,11
Madadeni,11
Danielskuil,11
East London,11
Lethlabile,11
Maleboho,11
Springs,11
Kestell,11
Mmabatho,11
New Brighton,11
Swartberg,11
Ntabankulu,11
Kirkwood,11
Ngangelizwe,11
Rosedale,11
Claremont,11
'Low''S Creek',11
Tembisa South,2
Boipatong,11
Howick,11
Mankweng,11
Ikageng,11
Somerset East,11
Taylors Halt,11
The Barrage,11
Tabase,11
Rosendal,11
Newcastle,11
Vereeniging,11
Newlands East,11
Mutale,11
Selosesha,11
Mhluzi,11
Margate,11
Taung,11
Ilinge,11
Kwadwesi,11
Stutterheim,11
Mogwadi,11
Phokeng,11
Philippi East,11
Himeville,11
Kwambonambi,11
Park Road,11
Hondeklip Bay,11
Mbizeni,11
Tuinplaas,11
Amsterdam,11
Thabong,11
Botlokwa,11
Westville,11
Mpumalanga Kzn,11
Bloemspruit,11
Biesiesvlei,11
Steenberg,11
Ezinqoleni,11
Hlababomvu,11
Dewetsdorp,11
Riviersonderend,11
Rietgat,11
Hofmeyr,11
Ga-Rankuwa,11
Vuwani,11
Phalaborwa,11
Boons,11
Bholo,11
Wartburg,11
Dannhauser,11
Port Shepstone,11
Philipstown,11
Dysselsdorp,11
Langebaan,11
Mayflower,11
Swartruggens,11
Assen,11
Phoenix,11
Ezibeleni,11
Villiers,11
Villieria,11
Giyani,11
Mbazwana,11
Klawer,11
Ogies,11
Lothair,11
Duduza,11
Whittlesea,11
Bethlehem,11
Kuruman,11
Virginia,11
Stilfontein,11
Mariannhill,11
Pampierstat,11
Worcester,11
Kriel,11
Bultfontein,11
Bluewater,11
Randburg,11
Carolina,11
Machadodorp,11
Wentworth,11
Plooysburg,11
Protea Glen,11
Olifantsfontein,11
Paarl,11
Rietbron,11
Ngome,11
Makwassie,11
Potchefstroom,11
Jhb Central,11
Zwelitsha,11
Dundee,11
Greytown,11
Thembalethu,11
Riversdale,11
Sasolburg,11
Madeira,3
Edenpark,11
Robertson,11
Colesberg,11
Ohrigstad,11
Port Nolloth,11
Bedford,11
Oudtshoorn,11
Zamuxolo,11
Elands Bay,11
Middelburg(Ec),11
Eersterust,11
Jeppe,11
Brandfort,11
Memel,11
Sebokeng,11
Vulindlela,11
Meyerton,11
Lentegeur,3
Thornville,11
Bholothwa,11
Afsondering,11
Maake,11
Paul Roux,11
Healdtown,11
Kleinbulhoek,11
Trichardt,11
Kopanong,11
Helpmekaar,11
Elliot,11
Hoedspruit,11
Leslie,11
Thornhill,11
Moorreesburg,11
Ematimatolo,11
Klipplaat,11
Tonga,11
Calcutta,11
Dordrecht,11
De Deur,11
Kei Road,11
Tylden,11
Prince Albert,11
Sekhukhune,11
Heuningspruit,11
Parys,11
Ngcobo,11
Bronville,11
Jouberton,11
Molteno,11
Groot Brakrivier,11
Rakgoadi,1
Sophia Town,11
Verkykerskop,11
Modder River,11
Hlogotlou,11
Lenasia,11
Louwsburg,11
Vosburg,11
Cambridge,11
Ibisi,11
Kidds Beach,11
Umkomaas,11
Mzamba,11
Koster,11
Uniondale,11
Evander,11
Brackendowns,11
Moyeni,11
Thabazimbi,11
Mahikeng,11
Langa,11
Dorset,11
Ikamvelihle,10
Verulam,11
Petrusville,11
De Rust,11
Dieprivier,11
Brixton,11
Alldays,11
Bainsvlei,11
Davel,11
Warden,11
Plettenberg Bay,11
Augrabies,7
Hermanus,11
Mondeor,11
Lukholweni,11
Middelpos,11
Hogsback,11
Jericho,11
Loeriesfontein,11
Or Tambo Intern Airp,11
Gans Bay,11
Ndumo,10
Umlazi,11
Mount Frere,11
Gingindlovu,11
Henderson,11
Keiskammahoek,11
Winburg,11
Paulpietersburg,11
Bothaville,11
New Hanover,11
Ekangala,11
Silverton,11
Tulbagh,11
Kolomane,11
Elands Height,11
Lehurutshe,11
Jozini,11
Bedwang,11
Tsomo,11
Steinkopf,11
Durban Central,11
Atteridgeville,11
Kanyamazane,11
Polokwane,11
Langlaagte,11
Garies,11
Strandfontein,11
Bathlaros,11
Darling,11
Macleantown,11
Ladismith,11
Ottosdal,11
Msinsini,11
Hluhluwe,11
Ugie,11
Mitchells Plain,11
Muden,11
Boetsap,11
Fouriesburg,11
Magaliesburg,11
Matlala,11
Pongola,11
Elliotdale,11
Prestbury,11
Randfontein,11
Vredefort,11
Cleveland,11
Komga,11
Mtontsasa,11
Amalia,11
Ceza,11
Albertinia,11
Phuthaditjhaba,11
Val,11
Florida,11
Welbekend,11
Morokweng,11
Klerksdorp,11
Tembisa,11
Graafwater,11
Elsies River,11
Makwane,11
Franschhoek,11
Piet Retief,11
Soutpan,11
Olievenhoutbosch,5
Khutsong,11
Mashashane,4
Winterton,11
Ekombe,11
Point,11
Milnerton,11
Allanridge,11
Brooklyn,11
Uitenhage,11
Tzaneen,11
Hekpoort,9
Britstown,11
Delportshoop,11
Punzana,11
Kei Mouth,11
Steynsrus,11
Maokeng,11
Bellville,11
Senekal,11
Standerton,11
Mmakau,11
Umzinto,11
Yeoville,11
Kliprivier,11
Groot-Drakenstein,11
Aggeneys,11
Devon,11
Alexandra,11
Viljoensdrif,11
Vosman,11
Verkeerdevlei,11
Umbilo,11
Centane,11
Lenasia South,11
Porterville,11
Pella,11
Laingsburg,11
Leboeng,11
Ida,11
Steunmekaar,11
Lydenburg,11
Sun City,11
Patensie,11
Parow,11
Volksrust,11
Cornelia,11
Maartenshoop,11
Ventersdorp,11
Masoyi,11
Inyibiba,11
Roedtan,11
Town Hill,11
Acornhoek,11
De Doorns,11
Kabega Park,11
Zaaiplaas,11
Mphephu,11
Joza,3
Gariepdam,11
Avondale,11
Alexandria,11
Mahwelereng,11
Victoria West,11
Deneysville,11
Floukraal,11
Motswedi,11
Mkhuze,11
Mpisi,11
Lethabong,11
Smithfield,11
Kwanonqaba,11
Marydale,11
Ravensmead,11
Zonkizizwe,11
Perdekop,11
Swartkops,11
Tokoza,11
Libode,11
Vryheid,11
Berea,11
Dirkiesdorp,11
'Pilgrim''S Rest',11
Hoopstad,11
Skukuza,11
Nietverdiend,11
Maphumulo,11
Sterkspruit,11
Vredendal,11
Kokstad,11
Balfour Tvl,11
Kimberley,11
Warrenton,11
Laaiplek,11
Chatsworth,11
Benoni,11
Komaggas,11
Villa Nora,11
Barrydale,11
Clocolan,11
Mmametlake,11
Katkop,11
Magatle,11
Durbanville,11
Reddersburg,11
'Simon''S Town',11
Redelinghuys,11
Rabie Ridge,11
Hlobane,11
Philadelphia,11
Boksburg North,11
Hobhouse,11
Zeerust,11
Mbekweni,11
Zebediela,11
Ekuvukeni,11
Mtunzini,11
Alexander Bay,11
Strand,11
Bronkhorstspruit,11
Carletonville,11
Atamelang,11
Conville,11
Piketberg,11
Mangaung,11
Bramley,11
Heidelberg (Gp),11
Murraysburg,11
Wepener,11
Thohoyandou,11
Algoapark,11
Pretoria North,11
Klipgat,11
Bredasdorp,11
Knysna,11
Kareedouw,11
Bedfordview,11
Grassy Park,11
Pinetown,11
Humewood,11
Alexandra Road,11
Olifantshoek,11
Goedemoed,11
Koppies,11
Cedarville,11
Dealesville,11
Ngqamakhwe,11
Nottingham Road,11
Hlanganani,11
Kleinsee,11
Lusikisiki,11
Emanguzi,11
Aberdeen,11
Inanda,11
Kranskop,11
Glencoe,11
Kwanokuthula,11
Naledi,11
Prieska,11
Venterstad,11
Mabopane,11
Brakpan,11
Wrenchville,11
Gamalakhe,11
Dobsonville,11
Letsitele,11
Campbell,11
Excelsior,11
Doring Bay,11
Sundumbili,11
Kei Bridge,11
Cradock,11
Mpungamhlophe,11
Richmond(C),11
Petrusburg,11
St Helena Bay,11
Seshego,11
Rooiberg,11
Burgersdorp,11
Tsakane,11
Van Reenen,11
Tweespruit,11
Ceres,11
Lebowakgomo,11
Etwatwa,11
Gelvandale,11
Suurbraak,11
Tweefontein,11
Crystalpark,11
Heidedal,11
Morgenzon Transvaal,11
Cullinan,11
Bell,11
Northam,11
Kwamakhutha,11
Estcourt,11
Groenvlei,11
Daveyton,11
Bela-Bela,11
Wellington,11
Hartbeespoortdam,11
Ixopo,11
Westonaria,11
Tshilwavhusiku,11
Kleinvlei,11
Riebeeck East,11
Chrissiesmeer,11
Calvinia,11
'Rankin''S Pass',11
Bergville,11
Rondebosch,11
Hammanskraal,11
Mtubatuba,11
Dennilton,11
Charlestown,11
Noenieput,11
Nigel,11
Mqanduli,11
Rouxville,11
Donnybrook,11
Mothutlung,11
Kwaaiman,11
Roossenekal,11
Jacobsdal,11
Huhudi,10
Hoopdal,11
Isipingo,11
Kwamsane,11
Adelaide,11
Heilbron,11
Mthatha,11
Alberton,11
Willowvale,11
Intsikeni,11
Khubusidrift,11
De Aar,11
Maitland,11
Modjadjiskloof,11
Norvalspont,11
Hlabisa,11
Middelburg Mpumalang,11
Athlone,11
Christiana,11
Makgobistad,11
Wierdabrug,11
Reitz,11
Utrecht,11
Vierfontein,11
Swellendam,11
Nongoma,11
Loxton,11
Bishop Lavis,11
Ladysmith,11
Ekulindeni,11
Grabouw,11
Wolmaransstad,11
Ventersburg,11
Hartswater,11
Sea Point,11
Sydenham,11
Da Gamaskop,11
Paarl East,11
Katlehong,11
Senwabarwana,11
Meloding,11
Wynberg,11
Creighton,11
Ntuzuma,11
Belhar,9
Wolseley,11
Jeffreys Bay,11
Mothibistad,11
Ezakheni,11
Erasmia,11
Vaalwater,11
Mooi River,11
Odendaalsrus,11
Mondlo,11
Dutywa,11
Wesselsbron,11
Witpoort,11
Deben,11
Chalumna,11
Graskop,11
Boshof,11
Kenhardt,11
Woodstock,11
Balfour,11
Matatiele,11
Prince Alfred Hamlet,11
Lambertsbaai,11
Dientjie,11
Tweeling,11
Tseseng,11
Tshidilamolomo,11
Parkview,11
Rossouw,11
Edenville,11
Ermelo,11
Lady Frere,11
Bolobedu,11
Evaton,11
Makhado,11
Ntabamhlophe,11
Waterval,11
Pretoria Central,11
Booysens,11
Walmer,11
Nquthu,11
Musina,11
Coffee Bay,11
Zastron,11
Motetema,11
Tarkastad,11
Ezibayeni,11
Alice,11
Mooifontein,11
Mfuleni,11
Boston,11
Despatch,11
Mdantsane,11
Naboomspruit,11
Sinoville,11
Cumberland,11
Hartbeesfontein,11
Normandien,11
Ngqeleni,11
Jan Kempdorp,11
Muizenberg,11
Niekerkshoop,11
Delareyville,11
Edenvale,11
Maydon Wharf,11
Bothithong,11
Indwe,11
Ntabethemba,11
Delft,11
Griekwastad,11
Mlungisi,4
Cramond,11
Mafube,11
Lime Acres,11
Makapanstad,11
Kenton On Sea,11
Tongaat,11
Kroonstad,11
Bellville South,11
Sandton,11
Wakkerstroom,11
Int Airp King Shaka,11
Stella,11
Kamieskroon,11
Barberton,11
Bethulie,11
Mountain Rise,11
Bathurst,11
Hertzogville,11
Kameeldrift,11
Genadendal,11
Kinkelbos,11
Kanana,11
Makuya,11
Windsorton,11
Bekkersdal,4
Hibberdene,11
Hazyview,11
Nyanga,11
Tarlton,7
Rhodes,11
Vaal Marina,4
Rosebank,11
Lomanyaneng,11
Struisbaai,11
Thornhill Ciskei,11
Tsolo,11
Navalsig,11
Jagersfontein,11
Kamesh,11
Lindley,11
Sekgosese,11
Kirstenhof,11
Nelspruit,11
Mbuzini,11
Kwamhlanga,11
Mcgregor,11
Kwandengezi,11
Zele,11
Lichtenburg,11
Boitekong,11
Khayelitsha,11
Hopefield,11
Sunnyside,11
Heuningvlei,11
Esikhaleni,11
Mbongolwane,11
Willowmore,11
Gordons Bay,11
Leeu Gamka,11
Msobomvu,11
Springbok,11
Boksburg,11
Malamulele,11
Grahamstown,11
Committees,11
Groot Marico,11
Table Bay Harbour,11
Hout Bay,11
Rustenburg,11
Qumbu,11
Secunda,11
Douglasdale,11
Duncan Village,11
Mara,11
Dimbaza,11
Steytlerville,11
Mount Ayliff,11
Tom Burke,11
Ritavi,11
Sakhile,11
Hennenman,11
Soshanguve,11
Mamelodi,11
Greylingstad,11
Nondweni,11
Osizweni,11
Stellenbosch,11
Eshowe,11
Umhlali,11
Reigerpark,11
Siyabuswa,11
Villiersdorp,11
Umbumbulu,11
Tlhabane,11
Ennerdale,11
Fraserburg,11
Hebron,5
Khuma,11
Lyttelton,11
Flagstaff,11
Tshitale,11
Elandslaagte,11
Van Stadensrus,11
Katlehong North,4
Laudium,11
Harare,11
Mokwakwaila,1
Tumahole,11
Noupoort,11
Vanrhynsdorp,11
Pearston,11
Glen,11
Vanwyksvlei,11
Addo,11
Itsoseng,11
Trompsburg,11
Upper Tugela,11
Zamdela,5
Bayswater,11
Vryburg,11
Viljoenskroon,11
Kwadukuza,11
Sharpeville,11
Pienaarsrivier,11
Hankey,11
Mehlomnyama,11
Bulgerivier,11
Mayville-Kzn,11
Philippolis,11
Norwood,11
Graaff-Reinet,11
Nemato,9
Eendekuil,11
Siloam,11
Dullstroom,11
Primrose,11
Koffiefontein,11
Tseki,11
Bellair,11
Theunissen,11
Piet Plessis,11
Cofimvaba,11
Elukwatini,11
Klerkskraal,11
Roodepan,11
Buffalo Flats,11
Barkly East,11
Boschkop,11
Richards Bay,11
Somerset West,11
Vanderkloof,11
Pudimoe,11
Steynsburg,11
Hamburg,11
Mecklenburg,11
Botshabelo,11
Jane Furse,11
Diepsloot,6
Elandskraal,11
Nyoni,11
Norkempark,11
Ladybrand,11
Kgomotso,11
Clarens,11
Clanwilliam,11
Ingwavuma,11
Galeshewe,11
Gugulethu,11
Bulwer,11
St Faiths,11
Wolwefontein,11
Bushbuckridge,11
Nkandla,11
Inchanga,11
Petrus Steyn,11
Tyefu,11
Humansdorp,11
Bhekithemba,11
Besters,11
Hercules,11
Port Alfred,11
St Francis Bay,6
Oranjeville,11
Luckhoff,11
Belmont,11
Goodwood,11
Kanoneiland,11
Elsburg,11
Pretoria Moot,11
Brits,11
Paddock,11
Mooinooi,11
Ganyesa,11
Linden,11
Pietermaritzburg,11
Sebayeng,3
Schweizer-Reneke,11
Springfontein,11
Vredenburg,11
Bethal,11
Nebo,11
Macassar,11
Welkom,11
Mount Road,11
Sebenza,11
Van Zylsrus,11
Nsuze,11
Sabie,11
Carnarvon,11
Gluckstadt,11
Sterkstroom,11
Kakamas,11
Kuyasa,11
Honeydew,11
Kaapmuiden,11
Midrand,11
Barkly West,11
Mossel Bay,11
Vosloorus,11
Levubu,11
Newark,11
Ntambanana,11
Sutherland,11
Westenburg,4
Sheepmoor,11
Gonubie,11
Tshamutumbu,11
Table View,11
Tolwe,11
Hartebeeskop,11
Kwazakele,11
Pabalello,11
Leeudoringstad,11
Alicedale,11
Bothasig,11
Tierpoort,11
Stanford,11
Marble Hall,11
Phumalanga,11
Glendale,11
Eldorado Park,11
Baviaanskloof,11
Philippi,11
Tinmyne,11
Kagisanong,11
Ocean View,11
Ficksburg,11
Palmietfontein,11
Sulenkama,11
Highflats,11
Heidelberg(C),11
Montclair,11
Tsineng,11
Akasia,11
Krugersdorp,11
Masemola,5
Garsfontein,11
Ndevana,11
Kommissiepoort,11
Kagisho,8
Amanzimtoti,11
Grootvlei,11
Manenberg,11
Scenery Park,2
Kathu,11
Kraaifontein,11
Franklin,11
Malelane,11
Sawoti,11
Pinelands,11
Kliptown,11
Rawsonville,11
Tamara,11
Umsunduzi,11
Strydenburg,11
Reivilo,11
Lutzville,11
Breyten,11
